{"user": "dac", "password": "password", "remoteIP": "192.168.1.103", "remoteUser": "dacControl", "mqttDelay": 5, "mqttReconn": 5, "dacA": 26214, "dacB": 26214, "dacC": 26214, "dacD": 26214, "dacE": 26214, "dacF": 26214, "dacG": 26214, "dacH": 26214, "loadLast": true, "adcA": 0.046251411481063265, "adcB": 0.6102686239204077, "adcC": 0.057876766258735925}