{"user": "dac", "password": "password", "remoteIP": "192.168.1.4", "remoteUser": "dacControl", "mqttDelay": 5, "mqttReconn": 5, "dacA": 13107, "dacB": 13107, "dacC": 13107, "dacD": 13107, "dacE": 0, "dacF": 0, "dacG": 0, "dacH": 0, "loadLast": true, "adcA": 0.06712704855494858, "adcB": 0.21650660725730156, "adcC": 0.15362968840601826}
